"Rule","Consequent","Support","Confidence","Lift","MissedBaskets","AvgPrice","AvgQty","ExpectedUplift","PotentialRevenue"
"{ROSES REGENCY TEACUP AND SAUCER} => {REGENCY CAKESTAND 3 TIER}","REGENCY CAKESTAND 3 TIER",0.02873,0.494,4.6,537,13.9797251908397,6.64020356234097,265,24625.28
"{JUMBO BAG RED RETROSPOT} => {JUMBO BAG PINK POLKADOT}","JUMBO BAG PINK POLKADOT",0.04515,0.398,5.98,1248,2.60603618421053,17.2672697368421,497,22351.25
"{LUNCH BAG RED RETROSPOT} => {JUMBO BAG RED RETROSPOT}","JUMBO BAG RED RETROSPOT",0.03169,0.37,3.26,985,2.49391702846117,22.1968162083936,364,20174.87
"{SPOTTY BUNTING} => {PARTY BUNTING}","PARTY BUNTING",0.02643,0.423,4.63,659,5.80916167664671,10.1311377245509,279,16405.8
"{JUMBO BAG RED RETROSPOT} => {JUMBO STORAGE BAG SUKI}","JUMBO STORAGE BAG SUKI",0.03962,0.349,5.39,1349,2.7507347972973,11.4966216216216,471,14888.68
"{NATURAL SLATE HEART CHALKBOARD} => {WHITE HANGING HEART T-LIGHT HOLDER}","WHITE HANGING HEART T-LIGHT HOLDER",0.02282,0.334,2.72,831,3.2313000890472,15.6037399821906,278,13994.37
"{JUMBO BAG RED RETROSPOT} => {JUMBO SHOPPER VINTAGE RED PAISLEY}","JUMBO SHOPPER VINTAGE RED PAISLEY",0.03721,0.328,5.11,1393,2.68828790459966,10.6746166950596,457,13111.52
"{PAPER CHAIN KIT 50'S CHRISTMAS} => {PAPER CHAIN KIT VINTAGE CHRISTMAS}","PAPER CHAIN KIT VINTAGE CHRISTMAS",0.03021,0.479,10.72,601,3.36859068627451,12.8480392156863,288,12459.34
"{JAM MAKING SET PRINTED} => {JAM MAKING SET WITH JARS}","JAM MAKING SET WITH JARS",0.02583,0.41,6.63,680,5.07986725663717,7.67787610619469,279,10873.92
"{JUMBO BAG VINTAGE DOILY} => {JUMBO BAG APPLES}","JUMBO BAG APPLES",0.02337,0.347,6.5,803,2.57344262295082,15.0389344262295,279,10783.92
"{JUMBO BAG PINK POLKADOT} => {JUMBO  BAG BAROQUE BLACK WHITE}","JUMBO  BAG BAROQUE BLACK WHITE",0.02266,0.34,6.71,802,2.61653721682848,14.4174757281553,273,10286.54
"{HEART OF WICKER SMALL} => {HEART OF WICKER LARGE}","HEART OF WICKER LARGE",0.02698,0.412,8.15,704,3.2897616468039,10.6533044420368,290,10165.26
"{LUNCH BAG VINTAGE DOILY} => {JUMBO BAG VINTAGE DOILY}","JUMBO BAG VINTAGE DOILY",0.02758,0.46,6.83,592,2.2780162601626,16.3845528455285,272,10164.15
"{PAPER CHAIN KIT VINTAGE CHRISTMAS} => {PAPER CHAIN KIT 50'S CHRISTMAS}","PAPER CHAIN KIT 50'S CHRISTMAS",0.03021,0.676,10.72,264,3.37515177797051,16.3399826539462,178,9842.28
"{JUMBO BAG PINK VINTAGE PAISLEY} => {JUMBO BAG STRAWBERRY}","JUMBO BAG STRAWBERRY",0.01576,0.333,7.4,577,2.41671532846715,21.0109489051095,192,9756.44
"{JUMBO SHOPPER VINTAGE RED PAISLEY} => {JUMBO BAG SCANDINAVIAN BLUE PAISLEY}","JUMBO BAG SCANDINAVIAN BLUE PAISLEY",0.022,0.342,7.77,772,2.70037267080745,12.9826086956522,264,9256.12
"{JUMBO STORAGE BAG SUKI} => {JUMBO BAG WOODLAND ANIMALS}","JUMBO BAG WOODLAND ANIMALS",0.02457,0.379,8.04,735,2.93349187935035,11.3120649651972,279,9243.86
"{JUMBO SHOPPER VINTAGE RED PAISLEY} => {JUMBO BAG PINK VINTAGE PAISLEY}","JUMBO BAG PINK VINTAGE PAISLEY",0.02282,0.355,7.5,757,2.67275144508671,12.7028901734104,269,9124
"{JUMBO BAG VINTAGE DOILY} => {JUMBO BAG ALPHABET}","JUMBO BAG ALPHABET",0.02025,0.301,6.08,860,2.39287610619469,14.6272123893805,259,9060.39
"{JUMBO BAG WOODLAND ANIMALS} => {JUMBO BAG OWLS}","JUMBO BAG OWLS",0.01543,0.327,9.2,580,2.79323076923077,16.5184615384615,190,8750.89
"{CHOCOLATE HOT WATER BOTTLE} => {HOT WATER BOTTLE TEA AND SYMPATHY}","HOT WATER BOTTLE TEA AND SYMPATHY",0.01828,0.392,11.18,518,5.03184087363495,8.42121684867395,203,8604.34
"{JUMBO BAG VINTAGE DOILY} => {JUMBO BAG VINTAGE LEAF}","JUMBO BAG VINTAGE LEAF",0.02824,0.42,8.72,714,2.29795221843003,12.4334470989761,300,8568.01
"{LUNCH BAG SUKI DESIGN} => {LUNCH BAG RED RETROSPOT}","LUNCH BAG RED RETROSPOT",0.03585,0.511,5.96,628,2.13269181585678,12.3925831202046,321,8481.46
"{ALARM CLOCK BAKELIKE RED} => {ALARM CLOCK BAKELIKE PINK}","ALARM CLOCK BAKELIKE PINK",0.02572,0.448,10.45,580,4.58228607918263,6.81353767560664,260,8112.62
"{REGENCY TEA PLATE ROSES} => {REGENCY TEAPOT ROSES}","REGENCY TEAPOT ROSES",0.01089,0.448,19.73,245,11.1413253012048,6.59036144578313,110,8059.17
"{LUNCH BAG RED RETROSPOT} => {LUNCH BAG SUKI DESIGN}","LUNCH BAG SUKI DESIGN",0.03585,0.419,5.96,909,2.16708495713172,9.69134840218238,381,7999.04
"{PLEASE ONE PERSON METAL SIGN} => {GIN + TONIC DIET METAL SIGN}","GIN + TONIC DIET METAL SIGN",0.01625,0.356,8.04,538,2.7705198019802,15.0606435643564,192,7991.66
"{LUNCH BAG RED RETROSPOT} => {LUNCH BAG APPLE DESIGN}","LUNCH BAG APPLE DESIGN",0.02665,0.311,5.5,1077,2.04046376811594,11.6772946859903,335,7980.81
"{RECIPE BOX PANTRY YELLOW DESIGN} => {SET OF 3 CAKE TINS PANTRY DESIGN}","SET OF 3 CAKE TINS PANTRY DESIGN",0.02156,0.355,4.72,715,5.84500726744186,5.34811046511628,254,7934.5
"{LUNCH BAG RED RETROSPOT} => {LUNCH BAG  BLACK SKULL.}","LUNCH BAG  BLACK SKULL.",0.03508,0.41,5.89,923,2.10808025177026,9.51376868607396,378,7589.71
"{LUNCH BAG RED RETROSPOT} => {LUNCH BAG CARS BLUE}","LUNCH BAG CARS BLUE",0.03037,0.355,5.64,1009,2.06529155787641,10.2254134029591,358,7564.53
"{SCOTTIE DOG HOT WATER BOTTLE} => {CHOCOLATE HOT WATER BOTTLE}","CHOCOLATE HOT WATER BOTTLE",0.01702,0.404,8.66,459,6.02895539906103,6.67605633802817,185,7463.73
"{LUNCH BAG RED RETROSPOT} => {LUNCH BAG WOODLAND}","LUNCH BAG WOODLAND",0.02879,0.336,6.06,1038,2.18364891518738,9.68145956607495,349,7373.27
"{JUMBO BAG VINTAGE DOILY} => {JUMBO BAG PEARS}","JUMBO BAG PEARS",0.02025,0.301,9.25,860,2.43333333333333,11.5488215488215,259,7274.52
"{JAM MAKING SET WITH JARS} => {JAM MAKING SET PRINTED}","JAM MAKING SET PRINTED",0.02583,0.418,6.63,658,1.90982638888889,13.8168402777778,275,7257.8
"{ROSES REGENCY TEACUP AND SAUCER} => {PINK REGENCY TEACUP AND SAUCER}","PINK REGENCY TEACUP AND SAUCER",0.03273,0.563,13.54,464,3.71778947368421,7.46315789473684,261,7248.26
"{LUNCH BAG RED RETROSPOT} => {LUNCH BAG PINK POLKADOT}","LUNCH BAG PINK POLKADOT",0.03316,0.387,6.5,958,2.03613406795225,9.59504132231405,371,7243.19
"{ALARM CLOCK BAKELIKE GREEN} => {ALARM CLOCK BAKELIKE RED}","ALARM CLOCK BAKELIKE RED",0.03502,0.656,11.42,335,4.40365714285714,7.39809523809524,220,7159.49
"{ALARM CLOCK BAKELIKE RED} => {ALARM CLOCK BAKELIKE GREEN}","ALARM CLOCK BAKELIKE GREEN",0.03502,0.61,11.42,410,4.54470769230769,6.27384615384615,250,7131.05
"{CHILDRENS CUTLERY POLKADOT PINK} => {CHILDRENS CUTLERY RETROSPOT RED}","CHILDRENS CUTLERY RETROSPOT RED",0.01445,0.485,20.29,280,4.98771167048055,10.4439359267735,136,7074
"{WOODEN PICTURE FRAME WHITE FINISH} => {WOODEN FRAME ANTIQUE WHITE}","WOODEN FRAME ANTIQUE WHITE",0.0295,0.491,9.26,559,3.58291021671827,7.17647058823529,274,7057.33
"{EDWARDIAN PARASOL NATURAL} => {EDWARDIAN PARASOL BLACK}","EDWARDIAN PARASOL BLACK",0.01078,0.37,17.73,336,7.4188188976378,7.59580052493438,124,7005.66
"{SPACEBOY LUNCH BOX} => {DOLLY GIRL LUNCH BOX}","DOLLY GIRL LUNCH BOX",0.02944,0.598,12.85,362,2.33511764705882,13.8305882352941,216,6991.32
"{DOLLY GIRL LUNCH BOX} => {SPACEBOY LUNCH BOX}","SPACEBOY LUNCH BOX",0.02944,0.633,12.85,312,2.19468888888889,15.8111111111111,197,6853.2
"{BLUE HARMONICA IN BOX} => {RED  HARMONICA IN BOX}","RED  HARMONICA IN BOX",0.01729,0.524,14.55,287,1.42746200607903,31.5395136778115,150,6770.69
"{CHOCOLATE HOT WATER BOTTLE} => {SCOTTIE DOG HOT WATER BOTTLE}","SCOTTIE DOG HOT WATER BOTTLE",0.01702,0.365,8.66,541,5.74779220779221,5.96233766233766,197,6767.18
"{CHOCOLATE HOT WATER BOTTLE} => {HOT WATER BOTTLE KEEP CALM}","HOT WATER BOTTLE KEEP CALM",0.01472,0.316,7.42,583,5.26492287917738,6.87917737789203,184,6672.43
"{HEART OF WICKER LARGE} => {HEART OF WICKER SMALL}","HEART OF WICKER SMALL",0.02698,0.534,8.15,430,1.96453634085213,14.7769423558897,230,6665.83
"{GIN + TONIC DIET METAL SIGN} => {COOK WITH WINE METAL SIGN}","COOK WITH WINE METAL SIGN",0.01795,0.406,10.3,480,2.39272222222222,14.1958333333333,195,6619.43
"{CHILDRENS CUTLERY POLKADOT PINK} => {CHILDRENS CUTLERY POLKADOT BLUE}","CHILDRENS CUTLERY POLKADOT BLUE",0.01631,0.548,25.54,246,4.89961734693878,9.95663265306122,135,6576.43
"{JUMBO BAG VINTAGE DOILY} => {LUNCH BAG VINTAGE DOILY}","LUNCH BAG VINTAGE DOILY",0.02758,0.41,6.83,726,1.82762773722628,11.9306569343066,298,6490.42
"{GIN + TONIC DIET METAL SIGN} => {PLEASE ONE PERSON METAL SIGN}","PLEASE ONE PERSON METAL SIGN",0.01625,0.368,8.04,511,2.43326946107784,14.1341317365269,188,6467.38
"{CHOCOLATE HOT WATER BOTTLE} => {HOT WATER BOTTLE I AM SO POORLY}","HOT WATER BOTTLE I AM SO POORLY",0.02145,0.46,12.8,460,5.8789802130898,5.18569254185693,212,6450.96
"{JUMBO STORAGE BAG SUKI} => {JUMBO STORAGE BAG SKULLS}","JUMBO STORAGE BAG SKULLS",0.02008,0.31,8.07,817,2.79534188034188,9.10968660968661,253,6449.44
"{LUNCH BAG RED RETROSPOT} => {LUNCH BAG SPACEBOY DESIGN}","LUNCH BAG SPACEBOY DESIGN",0.03065,0.358,5.65,1004,2.00968885047537,8.90060501296456,359,6429.32
"{RED RETROSPOT CHARLOTTE BAG} => {CHARLOTTE BAG SUKI DESIGN}","CHARLOTTE BAG SUKI DESIGN",0.02775,0.491,10.21,525,1.20502844141069,20.4732650739477,258,6359.53
"{JUMBO BAG WOODLAND ANIMALS} => {JUMBO BAG SPACEBOY DESIGN}","JUMBO BAG SPACEBOY DESIGN",0.01598,0.339,9.04,570,2.66170802919708,12.192700729927,193,6270.97
"{DOLLY GIRL LUNCH BOX} => {LUNCH BOX I LOVE LONDON}","LUNCH BOX I LOVE LONDON",0.01401,0.301,7.84,594,2.32673789173789,14.9729344729345,179,6228.84
"{GREEN REGENCY TEACUP AND SAUCER} => {ROSES REGENCY TEACUP AND SAUCER}","ROSES REGENCY TEACUP AND SAUCER",0.04197,0.757,13.03,246,3.66992467043314,9.04331450094162,186,6180.39
"{PACK OF 72 RETROSPOT CAKE CASES} => {PACK OF 60 PINK PAISLEY CAKE CASES}","PACK OF 60 PINK PAISLEY CAKE CASES",0.02353,0.326,6.85,890,0.747307249712313,28.3544303797468,290,6147.91
"{WOODEN FRAME ANTIQUE WHITE} => {WOODEN PICTURE FRAME WHITE FINISH}","WOODEN PICTURE FRAME WHITE FINISH",0.0295,0.556,9.26,430,3.10584699453552,8.01092896174863,239,5948.48
"{ROUND SNACK BOXES SET OF 4 FRUITS} => {ROUND SNACK BOXES SET OF4 WOODLAND}","ROUND SNACK BOXES SET OF4 WOODLAND",0.01686,0.531,13.26,272,3.46948087431694,11.6571038251366,144,5841.42
"{ROSES REGENCY TEACUP AND SAUCER} => {GREEN REGENCY TEACUP AND SAUCER}","GREEN REGENCY TEACUP AND SAUCER",0.04197,0.722,13.03,295,3.84362290227048,7.106614017769,213,5817.85
"{JUMBO BAG WOODLAND ANIMALS} => {JUMBO BAG TOYS}","JUMBO BAG TOYS",0.01582,0.335,11.74,573,3.13097701149425,9.58429118773946,192,5760.22
"{BAKING SET 9 PIECE RETROSPOT} => {BAKING SET SPACEBOY DESIGN}","BAKING SET SPACEBOY DESIGN",0.01828,0.359,14.17,596,5.47323974082073,4.75593952483801,214,5569.57
"{JUMBO BAG WOODLAND ANIMALS} => {RECYCLING BAG RETROSPOT}","RECYCLING BAG RETROSPOT",0.01499,0.318,7.78,588,3.19374832663989,9.15930388219545,187,5469.75
"{SCOTTIE DOG HOT WATER BOTTLE} => {RETROSPOT HEART HOT WATER BOTTLE}","RETROSPOT HEART HOT WATER BOTTLE",0.01456,0.345,10.13,504,5.55261637239165,5.59711075441413,174,5403.95
"{ALARM CLOCK BAKELIKE RED} => {ALARM CLOCK BAKELIKE IVORY}","ALARM CLOCK BAKELIKE IVORY",0.02041,0.355,11.43,677,4.42278169014085,5.06514084507042,240,5383.99
"{ROUND SNACK BOXES SET OF4 WOODLAND} => {ROUND SNACK BOXES SET OF 4 FRUITS}","ROUND SNACK BOXES SET OF 4 FRUITS",0.01686,0.421,13.26,424,3.27279310344828,9.20344827586207,179,5376.72
"{SET OF 60 PANTRY DESIGN CAKE CASES} => {SET OF 3 REGENCY CAKE TINS}","SET OF 3 REGENCY CAKE TINS",0.01116,0.325,6.83,424,5.89278481012658,6.5765247410817,138,5340.31
"{EDWARDIAN PARASOL BLACK} => {EDWARDIAN PARASOL NATURAL}","EDWARDIAN PARASOL NATURAL",0.01078,0.517,17.73,184,7.82971857410882,7.09568480300188,95,5285.05
"{JUMBO BAG 50'S CHRISTMAS} => {JUMBO BAG VINTAGE CHRISTMAS}","JUMBO BAG VINTAGE CHRISTMAS",0.01762,0.452,17.41,391,2.41848101265823,12.1413502109705,177,5189.49
"{GIN + TONIC DIET METAL SIGN} => {HAND OVER THE CHOCOLATE   SIGN}","HAND OVER THE CHOCOLATE   SIGN",0.01603,0.363,9.85,515,2.36270430906389,11.55720653789,187,5104.77
"{CHILDRENS CUTLERY RETROSPOT RED} => {CHILDRENS CUTLERY POLKADOT PINK}","CHILDRENS CUTLERY POLKADOT PINK",0.01445,0.604,20.29,173,4.93301470588235,9.6875,104,4993.52
"{RED RETROSPOT CHARLOTTE BAG} => {WOODLAND CHARLOTTE BAG}","WOODLAND CHARLOTTE BAG",0.02764,0.489,10.75,527,1.21432692307692,15.9435096153846,258,4989.29
"{LUNCH BAG APPLE DESIGN} => {LUNCH BAG ALPHABET DESIGN}","LUNCH BAG ALPHABET DESIGN",0.02041,0.36,8.91,662,1.97169147496617,10.5209742895805,238,4943.74
"{HOT WATER BOTTLE KEEP CALM} => {LOVE HOT WATER BOTTLE}","LOVE HOT WATER BOTTLE",0.01292,0.303,11.67,542,6.21364210526316,4.81473684210526,164,4913.16
"{REGENCY TEA PLATE ROSES} => {REGENCY SUGAR BOWL GREEN}","REGENCY SUGAR BOWL GREEN",0.01012,0.417,23.65,259,4.79913043478261,9.46894409937888,108,4907.95
"{LUNCH BAG SPACEBOY DESIGN} => {LUNCH BAG DOLLY GIRL DESIGN}","LUNCH BAG DOLLY GIRL DESIGN",0.02123,0.335,9,769,1.93801762114537,9.81497797356828,258,4900.25
"{STRAWBERRY CHARLOTTE BAG} => {POPCORN HOLDER}","POPCORN HOLDER",0.01226,0.31,4.14,498,1.05111029948868,29.5924032140248,154,4801.97
"{SUKI  SHOULDER BAG} => {RED TOADSTOOL LED NIGHT LIGHT}","RED TOADSTOOL LED NIGHT LIGHT",0.01051,0.362,7.85,338,2.40120996441281,16.2657176749703,122,4778.91
"{SET OF 6 SPICE TINS PANTRY DESIGN} => {RECIPE BOX PANTRY YELLOW DESIGN}","RECIPE BOX PANTRY YELLOW DESIGN",0.01363,0.302,4.97,576,3.7116862037872,7.40126239855726,174,4778.66
"{IVORY KITCHEN SCALES} => {RED KITCHEN SCALES}","RED KITCHEN SCALES",0.01609,0.415,14.03,414,9.82005545286506,2.79667282809612,172,4718.5
"{CHILDRENS CUTLERY RETROSPOT RED} => {CHILDRENS CUTLERY POLKADOT GREEN}","CHILDRENS CUTLERY POLKADOT GREEN",0.01012,0.423,23.8,252,5.22264615384615,8.24307692307692,107,4589.03
"{HAND WARMER OWL DESIGN} => {HAND WARMER SCOTTY DOG DESIGN}","HAND WARMER SCOTTY DOG DESIGN",0.01833,0.513,17.14,318,2.34299817184643,11.9963436928702,163,4585.27
"{WOOD S/3 CABINET ANT WHITE FINISH} => {WOOD 2 DRAWER CABINET WHITE FINISH}","WOOD 2 DRAWER CABINET WHITE FINISH",0.01538,0.467,15.8,321,6.95790740740741,4.38703703703704,150,4575.85
"{PINK CREAM FELT CRAFT TRINKET BOX} => {PINK BLUE FELT CRAFT TRINKET BOX}","PINK BLUE FELT CRAFT TRINKET BOX",0.01478,0.438,15.34,346,1.422030651341,21.0421455938697,152,4534.71
"{RED RETROSPOT CHARLOTTE BAG} => {PACK OF 72 RETROSPOT CAKE CASES}","PACK OF 72 RETROSPOT CAKE CASES",0.01751,0.31,4.29,712,0.745037878787879,27.4893939393939,221,4520.49
"{HAND WARMER OWL DESIGN} => {HAND WARMER BIRD DESIGN}","HAND WARMER BIRD DESIGN",0.01702,0.476,15.74,342,2.40614828209765,11.4303797468354,163,4477.3
"{PACK OF 72 RETROSPOT CAKE CASES} => {60 TEATIME FAIRY CAKE CASES}","60 TEATIME FAIRY CAKE CASES",0.02479,0.343,7.57,867,0.690531400966184,21.7596618357488,297,4468.37
"{SET/6 RED SPOTTY PAPER PLATES} => {PAPER BUNTING RETROSPOT}","PAPER BUNTING RETROSPOT",0.01034,0.359,8.22,338,3.78500627352572,9.45671267252196,121,4343.28
"{WOOD 2 DRAWER CABINET WHITE FINISH} => {WOOD S/3 CABINET ANT WHITE FINISH}","WOOD S/3 CABINET ANT WHITE FINISH",0.01538,0.52,15.8,259,9.12910299003322,3.5265780730897,135,4335.95
"{LUNCH BAG VINTAGE DOILY} => {LUNCH BAG VINTAGE LEAF DESIGN}","LUNCH BAG VINTAGE LEAF DESIGN",0.01872,0.312,8.56,754,1.92492492492492,9.38888888888889,235,4251.62
"{VINTAGE SNAP CARDS} => {VINTAGE HEADS AND TAILS CARD GAME}","VINTAGE HEADS AND TAILS CARD GAME",0.01872,0.37,11.14,582,1.50747940691928,12.9472817133443,215,4202.95
"{CHARLOTTE BAG SUKI DESIGN} => {RED RETROSPOT CHARLOTTE BAG}","RED RETROSPOT CHARLOTTE BAG",0.02775,0.577,10.21,372,1.13962209302326,17.1744186046512,215,4201.09
"{RED RETROSPOT CHARLOTTE BAG} => {STRAWBERRY CHARLOTTE BAG}","STRAWBERRY CHARLOTTE BAG",0.0266,0.471,11.92,546,1.20416897506925,13.5470914127424,257,4195.15
"{RED RETROSPOT CHARLOTTE BAG} => {CHARLOTTE BAG PINK POLKADOT}","CHARLOTTE BAG PINK POLKADOT",0.02857,0.506,12.46,510,1.22587601078167,13.0619946091644,258,4132.16
"{HAND WARMER BIRD DESIGN} => {HAND WARMER OWL DESIGN}","HAND WARMER OWL DESIGN",0.01702,0.562,15.74,242,2.36416539050536,12.8269525267994,136,4124.33
"{PINK REGENCY TEACUP AND SAUCER,ROSES REGENCY TEACUP AND SAUCER} => {REGENCY TEA PLATE ROSES}","REGENCY TEA PLATE ROSES",0.01001,0.306,12.59,415,2.07711711711712,15.4076576576577,127,4064.13
"{FELTCRAFT CUSHION OWL} => {FELTCRAFT CUSHION RABBIT}","FELTCRAFT CUSHION RABBIT",0.01188,0.462,21.86,253,4.30194300518135,7.9740932642487,117,4009.67
"{PLASTERS IN TIN WOODLAND ANIMALS} => {PLASTERS IN TIN SPACEBOY}","PLASTERS IN TIN SPACEBOY",0.01861,0.483,13.11,364,1.86276374442793,11.9687964338782,176,3919.74
"{HOME BUILDING BLOCK WORD} => {LOVE BUILDING BLOCK WORD}","LOVE BUILDING BLOCK WORD",0.01625,0.383,11.12,479,6.70112877583466,3.17965023847377,183,3908.96
"{CANDLEHOLDER PINK HANGING HEART} => {RED HANGING HEART T-LIGHT HOLDER}","RED HANGING HEART T-LIGHT HOLDER",0.01144,0.442,10.94,264,3.16582655826558,10.5677506775068,117,3903.87
"{SET 3 RETROSPOT TEA,COFFEE,SUGAR} => {RED SPOTTY BISCUIT TIN}","RED SPOTTY BISCUIT TIN",0.01023,0.435,20.17,243,5.91959390862944,6.16243654822335,106,3856.03
"{REGENCY TEAPOT ROSES} => {REGENCY MILK JUG PINK}","REGENCY MILK JUG PINK",0.01237,0.545,30.25,189,3.88261398176292,9.58662613981763,103,3833.97
"{RECYCLING BAG RETROSPOT} => {TOY TIDY PINK POLKADOT}","TOY TIDY PINK POLKADOT",0.01489,0.364,14.19,475,3.02810234541578,7.31982942430704,173,3832.36
"{FELTCRAFT CUSHION OWL} => {FELTCRAFT CUSHION BUTTERFLY}","FELTCRAFT CUSHION BUTTERFLY",0.01023,0.398,20.89,283,4.28117816091954,7.91954022988506,113,3818.85
"{SET/20 RED RETROSPOT PAPER NAPKINS} => {SET/6 RED SPOTTY PAPER PLATES}","SET/6 RED SPOTTY PAPER PLATES",0.02025,0.376,13.05,613,0.987324478178368,16.573055028463,230,3771.47
"{GARDENERS KNEELING PAD KEEP CALM} => {GARDENERS KNEELING PAD CUP OF TEA}","GARDENERS KNEELING PAD CUP OF TEA",0.02988,0.599,14.45,366,1.91210039630119,8.88243064729194,219,3723.49
"{STRAWBERRY CERAMIC TRINKET BOX} => {SWEETHEART CERAMIC TRINKET BOX}","SWEETHEART CERAMIC TRINKET BOX",0.01828,0.404,14.52,492,1.57206286836935,11.8742632612967,199,3710.42
"{LOVE BUILDING BLOCK WORD} => {HOME BUILDING BLOCK WORD}","HOME BUILDING BLOCK WORD",0.01625,0.472,11.12,332,6.63394329896907,3.52061855670103,157,3659.91
"{RED SPOTTY BISCUIT TIN} => {SET 3 RETROSPOT TEA,COFFEE,SUGAR}","SET 3 RETROSPOT TEA,COFFEE,SUGAR",0.01023,0.475,20.17,207,7.432,4.93023255813953,98,3602.77
"{HAND WARMER OWL DESIGN} => {HAND WARMER RED RETROSPOT}","HAND WARMER RED RETROSPOT",0.01144,0.32,14.92,444,2.21428571428571,11.3494897959184,142,3570.61
"{PLASTERS IN TIN SPACEBOY} => {PLASTERS IN TIN WOODLAND ANIMALS}","PLASTERS IN TIN WOODLAND ANIMALS",0.01861,0.505,13.11,333,1.91142045454545,11.0411931818182,168,3549.02
"{JUMBO BAG VINTAGE CHRISTMAS} => {JUMBO BAG 50'S CHRISTMAS}","JUMBO BAG 50'S CHRISTMAS",0.01762,0.679,17.41,152,2.42241234221599,14.0743338008415,103,3518.76
"{RED DINER WALL CLOCK} => {IVORY DINER WALL CLOCK}","IVORY DINER WALL CLOCK",0.01095,0.435,19.14,260,8.85578313253012,3.47469879518072,113,3480.22
"{RED RETROSPOT CHARLOTTE BAG} => {CHARLOTTE BAG APPLES DESIGN}","CHARLOTTE BAG APPLES DESIGN",0.018,0.319,9.99,703,1.12058319039451,13.6620926243568,224,3433.27
"{PAPER CHAIN KIT VINTAGE CHRISTMAS} => {60 CAKE CASES VINTAGE CHRISTMAS}","60 CAKE CASES VINTAGE CHRISTMAS",0.01368,0.306,9.04,566,0.769741518578352,25.6445880452342,173,3418.84
"{PLASTERS IN TIN WOODLAND ANIMALS} => {PLASTERS IN TIN STRONGMAN}","PLASTERS IN TIN STRONGMAN",0.01302,0.338,12,466,1.84947572815534,11.5980582524272,158,3378.6
"{RED KITCHEN SCALES} => {IVORY KITCHEN SCALES}","IVORY KITCHEN SCALES",0.01609,0.543,14.03,247,9.46661016949153,2.65112994350282,134,3366.06
"{HANGING HEART ZINC T-LIGHT HOLDER} => {NATURAL SLATE HEART CHALKBOARD}","NATURAL SLATE HEART CHALKBOARD",0.01012,0.307,4.49,418,3.5936217948718,7.29166666666667,128,3362.59
"{SET/20 RED RETROSPOT PAPER NAPKINS} => {SET/6 RED SPOTTY PAPER CUPS}","SET/6 RED SPOTTY PAPER CUPS",0.0162,0.301,12.92,687,0.966948356807512,16.6267605633803,207,3324.56
"{PAINTED METAL PEARS ASSORTED} => {ASSORTED COLOUR BIRD ORNAMENT}","ASSORTED COLOUR BIRD ORNAMENT",0.01417,0.7,8.8,111,1.72325533379215,24.8141775636614,78,3322.54
"{HAND WARMER OWL DESIGN} => {HAND WARMER UNION JACK}","HAND WARMER UNION JACK",0.01292,0.361,13.82,417,2.20046025104603,9.96443514644352,151,3300.73
"{ALARM CLOCK BAKELIKE GREEN,ALARM CLOCK BAKELIKE RED} => {ALARM CLOCK BAKELIKE ORANGE}","ALARM CLOCK BAKELIKE ORANGE",0.01138,0.325,13.35,432,4.51586516853933,5.1752808988764,140,3281.27
"{PLASTERS IN TIN WOODLAND ANIMALS} => {PLASTERS IN TIN CIRCUS PARADE}","PLASTERS IN TIN CIRCUS PARADE",0.01549,0.402,12.86,421,1.7876357267951,10.6760070052539,169,3229.95
"{HAND WARMER OWL DESIGN} => {HAND WARMER RED LOVE HEART}","HAND WARMER RED LOVE HEART",0.01193,0.334,15.37,435,2.23141057934509,9.93702770780856,145,3221.6
"{ALARM CLOCK BAKELIKE GREEN,ALARM CLOCK BAKELIKE RED} => {ALARM CLOCK BAKELIKE CHOCOLATE}","ALARM CLOCK BAKELIKE CHOCOLATE",0.01231,0.352,15.01,415,4.75672897196262,4.60046728971963,146,3196.69
"{RED  HARMONICA IN BOX} => {BLUE HARMONICA IN BOX}","BLUE HARMONICA IN BOX",0.01729,0.48,14.55,342,1.43364842454395,13.0331674958541,164,3067.33
"{60 TEATIME FAIRY CAKE CASES} => {PACK OF 72 SKULL CAKE CASES}","PACK OF 72 SKULL CAKE CASES",0.01363,0.301,8.31,579,0.792087745839637,22.1906202723147,174,3063.29
"{IVORY DINER WALL CLOCK} => {RED DINER WALL CLOCK}","RED DINER WALL CLOCK",0.01095,0.482,19.14,215,9.24141304347826,3.04347826086957,104,2914.7
"{BLUE HAPPY BIRTHDAY BUNTING} => {PINK HAPPY BIRTHDAY BUNTING}","PINK HAPPY BIRTHDAY BUNTING",0.01434,0.675,30.77,126,5.93800498753117,5.69576059850374,85,2876.51
"{STRAWBERRY LUNCH BOX WITH CUTLERY} => {LUNCH BOX WITH CUTLERY RETROSPOT}","LUNCH BOX WITH CUTLERY RETROSPOT",0.01193,0.381,14.45,354,3.3251244813278,6.39419087136929,135,2867.62
"{FELTCRAFT CUSHION RABBIT} => {FELTCRAFT CUSHION OWL}","FELTCRAFT CUSHION OWL",0.01188,0.562,21.86,169,4.15770212765957,7.15957446808511,95,2827.25
"{GARDENERS KNEELING PAD CUP OF TEA} => {GARDENERS KNEELING PAD KEEP CALM}","GARDENERS KNEELING PAD KEEP CALM",0.02988,0.721,14.45,211,1.94404605263158,9.4594298245614,152,2797.62
"{REGENCY TEA PLATE ROSES} => {REGENCY TEA PLATE PINK}","REGENCY TEA PLATE PINK",0.01472,0.606,36.3,175,2.06783606557377,12.6590163934426,106,2776.05
"{BOX OF 6 MINI 50'S CRACKERS} => {BOX OF 6 MINI VINTAGE CRACKERS}","BOX OF 6 MINI VINTAGE CRACKERS",0.01023,0.465,22.61,215,2.74566489361702,10.0664893617021,100,2763.23
"{SET OF 12 FAIRY CAKE BAKING CASES} => {SET OF 6 TEA TIME BAKING CASES}","SET OF 6 TEA TIME BAKING CASES",0.01417,0.471,22.82,291,1.52787798408488,13.1564986737401,137,2755.14
"{60 TEATIME FAIRY CAKE CASES} => {72 SWEETHEART FAIRY CAKE CASES}","72 SWEETHEART FAIRY CAKE CASES",0.01516,0.335,9.94,551,0.688471544715447,21.5626016260163,185,2740.21
"{PINK HAPPY BIRTHDAY BUNTING} => {BLUE HAPPY BIRTHDAY BUNTING}","BLUE HAPPY BIRTHDAY BUNTING",0.01434,0.653,30.77,139,5.86685567010309,5.12371134020619,91,2728.46
"{SWEETHEART CERAMIC TRINKET BOX} => {STRAWBERRY CERAMIC TRINKET BOX}","STRAWBERRY CERAMIC TRINKET BOX",0.01828,0.656,14.52,175,1.6821186440678,13.9624697336562,115,2696.25
"{SMALL WHITE HEART OF WICKER} => {LARGE WHITE HEART OF WICKER}","LARGE WHITE HEART OF WICKER",0.01631,0.474,15.43,331,3.12358288770053,5.39750445632799,157,2645.16
"{RED DINER WALL CLOCK} => {BLUE DINER WALL CLOCK}","BLUE DINER WALL CLOCK",0.0104,0.413,20.74,270,9.04527472527472,2.61538461538462,112,2637.98
"{BAKING SET SPACEBOY DESIGN} => {BAKING SET 9 PIECE RETROSPOT}","BAKING SET 9 PIECE RETROSPOT",0.01828,0.721,14.17,129,5.35661290322581,5.26236559139785,93,2621.78
"{LUNCH BOX WITH CUTLERY RETROSPOT} => {STRAWBERRY LUNCH BOX WITH CUTLERY}","STRAWBERRY LUNCH BOX WITH CUTLERY",0.01193,0.452,14.45,264,3.13536713286713,6.83916083916084,119,2558.78
"{HANGING HEART ZINC T-LIGHT HOLDER} => {SINGLE HEART ZINC T-LIGHT HOLDER}","SINGLE HEART ZINC T-LIGHT HOLDER",0.01532,0.464,16.77,323,1.38422924901186,12.2588932806324,150,2543.2
"{REGENCY TEA PLATE ROSES} => {REGENCY TEA PLATE GREEN}","REGENCY TEA PLATE GREEN",0.01746,0.718,34.55,125,2.13326315789474,12.9184210526316,90,2473.37
"{PLASTERS IN TIN WOODLAND ANIMALS} => {PLASTERS IN TIN VINTAGE PAISLEY}","PLASTERS IN TIN VINTAGE PAISLEY",0.01286,0.334,10.78,469,1.90159010600707,8.29505300353357,157,2470.9
"{SET OF 3 HEART COOKIE CUTTERS} => {SET OF 3 BUTTERFLY COOKIE CUTTERS}","SET OF 3 BUTTERFLY COOKIE CUTTERS",0.01702,0.455,12.08,373,1.71933139534884,8.35755813953488,170,2438.7
"{SCANDINAVIAN REDS RIBBONS} => {6 RIBBONS RUSTIC CHARM}","6 RIBBONS RUSTIC CHARM",0.01188,0.481,9.21,234,2.21910994764398,9.55811518324607,113,2387.33
"{STRAWBERRY LUNCH BOX WITH CUTLERY} => {SKULL LUNCH BOX WITH CUTLERY}","SKULL LUNCH BOX WITH CUTLERY",0.01237,0.395,17.52,346,3.38432038834951,5.15533980582524,137,2384.53
"{SINGLE HEART ZINC T-LIGHT HOLDER} => {HANGING HEART ZINC T-LIGHT HOLDER}","HANGING HEART ZINC T-LIGHT HOLDER",0.01532,0.553,16.77,226,1.24475953565506,15.1194029850746,125,2352.09
"{VINTAGE HEADS AND TAILS CARD GAME} => {VINTAGE SNAP CARDS}","VINTAGE SNAP CARDS",0.01872,0.563,11.14,265,1.0180303030303,15.4101731601732,149,2340.57
"{FELTCRAFT PRINCESS LOLA DOLL} => {FELTCRAFT PRINCESS OLIVIA DOLL}","FELTCRAFT PRINCESS OLIVIA DOLL",0.01034,0.458,28.84,224,4.23927586206897,5.37931034482759,103,2339.55
"{PLASTERS IN TIN WOODLAND ANIMALS} => {PLASTERS IN TIN SKULLS}","PLASTERS IN TIN SKULLS",0.01275,0.331,10.8,471,1.98091071428571,7.5375,156,2327.78
"{60 TEATIME FAIRY CAKE CASES} => {PACK OF 60 DINOSAUR CAKE CASES}","PACK OF 60 DINOSAUR CAKE CASES",0.01423,0.314,9.56,568,0.628383333333333,20.39,178,2285.18
"{BOX OF 6 MINI VINTAGE CRACKERS} => {BOX OF 6 MINI 50'S CRACKERS}","BOX OF 6 MINI 50'S CRACKERS",0.01023,0.497,22.61,189,2.65477611940299,9.14925373134328,94,2281.56
"{SET OF 3 BUTTERFLY COOKIE CUTTERS} => {SET OF 3 HEART COOKIE CUTTERS}","SET OF 3 HEART COOKIE CUTTERS",0.01702,0.452,12.08,377,1.63245614035088,8.09356725146199,170,2251.44
"{RED STRIPE CERAMIC DRAWER KNOB} => {RED SPOT CERAMIC DRAWER KNOB}","RED SPOT CERAMIC DRAWER KNOB",0.01275,0.533,26.4,204,1.72991869918699,11.9241192411924,109,2242.9
"{60 CAKE CASES VINTAGE CHRISTMAS} => {SET OF 20 VINTAGE CHRISTMAS NAPKINS}","SET OF 20 VINTAGE CHRISTMAS NAPKINS",0.01478,0.436,13.07,349,0.994131147540984,14.6426229508197,152,2215
"{RED STRIPE CERAMIC DRAWER KNOB} => {WHITE SPOT RED CERAMIC DRAWER KNOB}","WHITE SPOT RED CERAMIC DRAWER KNOB",0.01275,0.533,23.88,204,1.68622549019608,12.0588235294118,109,2210.95
"{PINK BLUE FELT CRAFT TRINKET BOX} => {PINK CREAM FELT CRAFT TRINKET BOX}","PINK CREAM FELT CRAFT TRINKET BOX",0.01478,0.517,15.34,252,1.42626623376623,11.8847402597403,130,2208.42
"{RED STRIPE CERAMIC DRAWER KNOB} => {WHITE SPOT BLUE CERAMIC DRAWER KNOB}","WHITE SPOT BLUE CERAMIC DRAWER KNOB",0.01062,0.444,22.29,243,1.6843956043956,11.9395604395604,108,2169.81
"{FELTCRAFT PRINCESS CHARLOTTE DOLL} => {FELTCRAFT PRINCESS LOLA DOLL}","FELTCRAFT PRINCESS LOLA DOLL",0.01396,0.568,25.13,194,4.06360774818402,4.82324455205811,110,2159.74
"{RED STRIPE CERAMIC DRAWER KNOB} => {BLUE SPOT CERAMIC DRAWER KNOB}","BLUE SPOT CERAMIC DRAWER KNOB",0.01138,0.476,23.26,229,1.71072192513369,11.5668449197861,109,2156.93
"{BLUE STRIPE CERAMIC DRAWER KNOB} => {RED STRIPE CERAMIC DRAWER KNOB}","RED STRIPE CERAMIC DRAWER KNOB",0.01368,0.588,24.6,175,1.66965675057208,12.5263157894737,103,2152.12
"{CHRISTMAS CRAFT LITTLE FRIENDS} => {CHRISTMAS CRAFT TREE TOP ANGEL}","CHRISTMAS CRAFT TREE TOP ANGEL",0.0151,0.508,20.32,267,2.60984682713348,6.07439824945295,136,2150.27
"{FELTCRAFT PRINCESS LOLA DOLL} => {FELTCRAFT PRINCESS CHARLOTTE DOLL}","FELTCRAFT PRINCESS CHARLOTTE DOLL",0.01396,0.617,25.13,158,4.12378619153675,5.23162583518931,97,2103.17
"{CHRISTMAS CRAFT TREE TOP ANGEL} => {CHRISTMAS CRAFT LITTLE FRIENDS}","CHRISTMAS CRAFT LITTLE FRIENDS",0.0151,0.604,20.32,181,2.58911602209945,7.41804788213628,109,2099.7
"{SET OF 60 PANTRY DESIGN CAKE CASES} => {SET OF 60 I LOVE LONDON CAKE CASES}","SET OF 60 I LOVE LONDON CAKE CASES",0.01138,0.331,14.87,420,0.747788697788698,20.1719901719902,139,2097.03
"{RED STRIPE CERAMIC DRAWER KNOB} => {BLUE STRIPE CERAMIC DRAWER KNOB}","BLUE STRIPE CERAMIC DRAWER KNOB",0.01368,0.572,24.6,187,1.59515294117647,12.2376470588235,107,2088.04
"{SET OF 12 FAIRY CAKE BAKING CASES} => {SET OF 12 MINI LOAF BAKING CASES}","SET OF 12 MINI LOAF BAKING CASES",0.01675,0.556,22.9,244,1.11556306306306,13.7927927927928,136,2087.43
"{CHILDRENS APRON SPACEBOY DESIGN} => {PINK FAIRY CAKE CHILDRENS APRON}","PINK FAIRY CAKE CHILDRENS APRON",0.01116,0.371,13.72,346,2.47757085020243,6.46558704453441,128,2056.29
"{VINTAGE CREAM DOG FOOD CONTAINER} => {VINTAGE CREAM CAT FOOD CONTAINER}","VINTAGE CREAM CAT FOOD CONTAINER",0.01034,0.455,26.42,226,7.85612698412698,2.53968253968254,103,2051.67
"{CHARLOTTE BAG APPLES DESIGN} => {CHARLOTTE BAG VINTAGE ALPHABET}","CHARLOTTE BAG VINTAGE ALPHABET",0.01335,0.419,16.38,339,1.14758029978587,12.5160599571734,142,2040.16
"{CHRISTMAS CRAFT LITTLE FRIENDS} => {CHRISTMAS CRAFT WHITE FAIRY}","CHRISTMAS CRAFT WHITE FAIRY",0.0133,0.448,21.69,300,1.75763925729443,8.54641909814324,134,2018.89
"{CHILDRENS CUTLERY SPACEBOY} => {CHILDRENS CUTLERY DOLLY GIRL}","CHILDRENS CUTLERY DOLLY GIRL",0.01248,0.62,37.99,140,4.2696644295302,5.44295302013423,87,2017.2
"{VINTAGE CREAM CAT FOOD CONTAINER} => {VINTAGE CREAM DOG FOOD CONTAINER}","VINTAGE CREAM DOG FOOD CONTAINER",0.01034,0.6,26.42,126,10.8459277108434,2.40722891566265,76,1973.81
"{PINK FAIRY CAKE CHILDRENS APRON} => {CHILDRENS APRON SPACEBOY DESIGN}","CHILDRENS APRON SPACEBOY DESIGN",0.01116,0.413,13.72,290,2.42805454545455,6.77818181818182,120,1971.15
"{SET/10 PINK POLKADOT PARTY CANDLES} => {SET/10 BLUE POLKADOT PARTY CANDLES}","SET/10 BLUE POLKADOT PARTY CANDLES",0.01012,0.538,41.12,159,1.29887029288703,16.7405857740586,86,1860.01
"{SET OF 12 FAIRY CAKE BAKING CASES} => {SET OF 6 SNACK LOAF BAKING CASES}","SET OF 6 SNACK LOAF BAKING CASES",0.01385,0.46,23.74,297,1.09271186440678,12.3276836158192,137,1840.35
"{LARGE WHITE HEART OF WICKER} => {SMALL WHITE HEART OF WICKER}","SMALL WHITE HEART OF WICKER",0.01631,0.531,15.43,263,1.75034976152623,7.42130365659777,140,1814.08
"{PACK OF 72 SKULL CAKE CASES} => {PACK OF 60 SPACEBOY CAKE CASES}","PACK OF 60 SPACEBOY CAKE CASES",0.01138,0.315,11.06,453,0.770326923076923,16.1211538461538,143,1772.07
"{SUKI  SHOULDER BAG} => {SKULL SHOULDER BAG}","SKULL SHOULDER BAG",0.01396,0.481,21.44,275,2.13678048780488,5.86829268292683,132,1658.63
"{SET OF 60 PANTRY DESIGN CAKE CASES} => {SET OF 60 VINTAGE LEAF CAKE CASES}","SET OF 60 VINTAGE LEAF CAKE CASES",0.01242,0.361,17.34,401,0.697244094488189,16.0183727034121,145,1616.79
"{SET/6 RED SPOTTY PAPER PLATES} => {SET/20 RED RETROSPOT PAPER NAPKINS}","SET/20 RED RETROSPOT PAPER NAPKINS",0.02025,0.702,13.05,157,1.09822990844354,13.2665310274669,110,1605.79
"{SET OF 12 MINI LOAF BAKING CASES} => {SET OF 12 FAIRY CAKE BAKING CASES}","SET OF 12 FAIRY CAKE BAKING CASES",0.01675,0.689,22.9,138,1.06689090909091,15.3254545454545,95,1554.65
"{STRAWBERRY SHOPPER BAG} => {RED RETROSPOT SHOPPER BAG}","RED RETROSPOT SHOPPER BAG",0.01116,0.495,15.74,208,1.78113043478261,8.28521739130435,103,1519.39
"{RED RETROSPOT SHOPPER BAG} => {STRAWBERRY SHOPPER BAG}","STRAWBERRY SHOPPER BAG",0.01116,0.355,15.74,371,1.67303398058252,6.88349514563107,132,1516.76
"{SMALL HEART MEASURING SPOONS} => {LARGE HEART MEASURING SPOONS}","LARGE HEART MEASURING SPOONS",0.01193,0.462,22.63,254,2.3658981233244,5.25469168900804,117,1458.88
"{SKULL SHOULDER BAG} => {SUKI  SHOULDER BAG}","SUKI  SHOULDER BAG",0.01396,0.622,21.44,155,2.33820754716981,6.4,96,1442.73
"{PACK OF 60 SPACEBOY CAKE CASES} => {60 CAKE CASES DOLLY GIRL DESIGN}","60 CAKE CASES DOLLY GIRL DESIGN",0.01056,0.371,15.56,327,0.676605504587156,17.1284403669725,121,1405.97
"{SCANDINAVIAN PAISLEY PICNIC BAG} => {PINK VINTAGE PAISLEY PICNIC BAG}","PINK VINTAGE PAISLEY PICNIC BAG",0.01532,0.629,28.11,165,2.07699266503667,6.4841075794621,104,1397.72
"{CHILDRENS CUTLERY DOLLY GIRL} => {CHILDRENS CUTLERY SPACEBOY}","CHILDRENS CUTLERY SPACEBOY",0.01248,0.765,37.99,70,4.46646739130435,5.69836956521739,54,1362.93
"{BLUE POLKADOT BOWL} => {PINK POLKADOT BOWL}","PINK POLKADOT BOWL",0.01138,0.646,35.45,114,1.64498498498498,10.993993993994,74,1331.85
"{ROLL WRAP 50'S CHRISTMAS} => {ROLL WRAP VINTAGE CHRISTMAS}","ROLL WRAP VINTAGE CHRISTMAS",0.01045,0.54,29.26,163,1.54786350148368,9.49554896142433,88,1293.7
"{SET OF 60 I LOVE LONDON CAKE CASES} => {SET OF 60 PANTRY DESIGN CAKE CASES}","SET OF 60 PANTRY DESIGN CAKE CASES",0.01138,0.511,14.87,199,0.686926751592357,18.375796178344,102,1283.6
"{ROLL WRAP VINTAGE CHRISTMAS} => {ROLL WRAP 50'S CHRISTMAS}","ROLL WRAP 50'S CHRISTMAS",0.01045,0.567,29.26,146,1.51324858757062,9.95762711864407,83,1247.39
"{PINK POLKADOT BOWL} => {BLUE POLKADOT BOWL}","BLUE POLKADOT BOWL",0.01138,0.625,35.45,125,1.58906832298137,9.66149068322981,78,1199.44
"{RED RETROSPOT CUP} => {BLUE POLKADOT CUP}","BLUE POLKADOT CUP",0.01056,0.499,28.04,194,1.11483076923077,10.9569230769231,97,1182.5
"{TRAVEL CARD WALLET VINTAGE TICKET} => {TRAVEL CARD WALLET KEEP CALM}","TRAVEL CARD WALLET KEEP CALM",0.0116,0.52,17.78,196,0.497116104868914,23.1217228464419,102,1171.49
"{POPPY'S PLAYHOUSE KITCHEN} => {POPPY'S PLAYHOUSE LIVINGROOM}","POPPY'S PLAYHOUSE LIVINGROOM",0.01434,0.601,33.48,174,2.51646341463415,4.40548780487805,105,1159.33
"{BATHROOM METAL SIGN} => {TOILET METAL SIGN}","TOILET METAL SIGN",0.01603,0.435,19.64,380,0.729234567901235,9.58024691358025,165,1154.83
"{POPPY'S PLAYHOUSE KITCHEN} => {POPPY'S PLAYHOUSE BATHROOM}","POPPY'S PLAYHOUSE BATHROOM",0.01051,0.44,35.45,244,2.50251101321586,4.17180616740088,107,1120.84
"{PINK VINTAGE PAISLEY PICNIC BAG} => {SCANDINAVIAN PAISLEY PICNIC BAG}","SCANDINAVIAN PAISLEY PICNIC BAG",0.01532,0.685,28.11,129,2.07458426966292,6.06966292134831,88,1112.69
"{POPPY'S PLAYHOUSE KITCHEN} => {POPPY'S PLAYHOUSE BEDROOM}","POPPY'S PLAYHOUSE BEDROOM",0.01713,0.718,31.01,123,2.54841607565012,4.77304964539007,88,1074.23
"{WOODEN HEART CHRISTMAS SCANDINAVIAN} => {WOODEN TREE CHRISTMAS SCANDINAVIAN}","WOODEN TREE CHRISTMAS SCANDINAVIAN",0.01363,0.463,25.02,289,0.523757396449704,15.008875739645,134,1051.86
"{SET OF 3 WOODEN HEART DECORATIONS} => {SET OF 3 WOODEN SLEIGH DECORATIONS}","SET OF 3 WOODEN SLEIGH DECORATIONS",0.01034,0.425,25.96,256,1.49642140468227,6.44816053511706,109,1049.83
"{SET OF 3 WOODEN HEART DECORATIONS} => {SET OF 3 WOODEN STOCKING DECORATION}","SET OF 3 WOODEN STOCKING DECORATION",0.01193,0.49,28.06,227,1.45376175548589,6.32915360501567,111,1023.44
"{WOODEN HEART CHRISTMAS SCANDINAVIAN} => {WOODEN STAR CHRISTMAS SCANDINAVIAN}","WOODEN STAR CHRISTMAS SCANDINAVIAN",0.02123,0.721,25.79,150,0.476399217221135,19.4892367906067,108,1004.14
"{VINTAGE PAISLEY STATIONERY SET} => {FLORAL FOLK STATIONERY SET}","FLORAL FOLK STATIONERY SET",0.0122,0.511,21.99,213,2.02847058823529,4.54117647058824,109,1002.62
"{POPPY'S PLAYHOUSE BEDROOM} => {POPPY'S PLAYHOUSE KITCHEN}","POPPY'S PLAYHOUSE KITCHEN",0.01713,0.74,31.01,110,2.48428899082569,4.83256880733945,81,977.25
"{VINTAGE PAISLEY STATIONERY SET} => {MODERN FLORAL STATIONERY SET}","MODERN FLORAL STATIONERY SET",0.0104,0.436,21.76,246,2.00153005464481,4.55191256830601,107,977.19
"{SET OF 3 WOODEN HEART DECORATIONS} => {SET OF 3 WOODEN TREE DECORATIONS}","SET OF 3 WOODEN TREE DECORATIONS",0.01155,0.474,29.57,234,1.48494880546075,5.93174061433447,111,976.98
"{FLORAL FOLK STATIONERY SET} => {VINTAGE PAISLEY STATIONERY SET}","VINTAGE PAISLEY STATIONERY SET",0.0122,0.525,21.99,202,2.07669724770642,4.33256880733945,106,954.18
"{WOODEN STAR CHRISTMAS SCANDINAVIAN} => {WOODEN HEART CHRISTMAS SCANDINAVIAN}","WOODEN HEART CHRISTMAS SCANDINAVIAN",0.02123,0.759,25.79,123,0.503122676579926,19.4275092936803,93,912.51
"{SET/10 BLUE POLKADOT PARTY CANDLES} => {SET/10 PINK POLKADOT PARTY CANDLES}","SET/10 PINK POLKADOT PARTY CANDLES",0.01012,0.774,41.12,54,1.37514534883721,15.4476744186047,42,887.86
"{JAM JAR WITH PINK LID} => {JAM JAR WITH GREEN LID}","JAM JAR WITH GREEN LID",0.01248,0.671,39.91,112,1.08436482084691,10.6677524429967,75,869.34
"{BLUE POLKADOT CUP} => {RED RETROSPOT CUP}","RED RETROSPOT CUP",0.01056,0.594,28.04,132,1.06739018087855,10.2377260981912,78,856.82
"{SET OF 3 WOODEN SLEIGH DECORATIONS} => {SET OF 3 WOODEN HEART DECORATIONS}","SET OF 3 WOODEN HEART DECORATIONS",0.01034,0.632,25.96,110,1.43,8.45842696629214,70,840.88
"{BLUE POLKADOT CUP} => {PINK  POLKADOT CUP}","PINK  POLKADOT CUP",0.01138,0.64,38.09,117,1.11817589576547,9.80130293159609,75,820.65
"{TRAVEL CARD WALLET KEEP CALM} => {TRAVEL CARD WALLET VINTAGE TICKET}","TRAVEL CARD WALLET VINTAGE TICKET",0.0116,0.397,17.78,322,0.530514705882353,11.7279411764706,128,795.36
"{KEY FOB , SHED} => {GARAGE KEY FOB}","GARAGE KEY FOB",0.01095,0.538,35.34,172,0.882877697841727,9.60431654676259,93,784.65
"{BATHROOM METAL SIGN} => {KITCHEN METAL SIGN}","KITCHEN METAL SIGN",0.01204,0.327,19.65,453,0.754539473684211,6.59539473684211,148,737.17
"{JAM JAR WITH GREEN LID} => {JAM JAR WITH PINK LID}","JAM JAR WITH PINK LID",0.01248,0.743,39.91,79,1.05941176470588,11.4323529411765,59,710.91
"{TOILET METAL SIGN} => {BATHROOM METAL SIGN}","BATHROOM METAL SIGN",0.01603,0.723,19.64,112,0.929019886363636,8.96448863636364,81,674.38
"{LARGE HEART MEASURING SPOONS} => {SMALL HEART MEASURING SPOONS}","SMALL HEART MEASURING SPOONS",0.01193,0.584,22.63,155,1.22851694915254,5.96610169491525,91,663.46
"{SMALL DOLLY MIX DESIGN ORANGE BOWL} => {SMALL MARSHMALLOWS PINK BOWL}","SMALL MARSHMALLOWS PINK BOWL",0.0191,0.662,27.07,178,0.68489932885906,8.14093959731544,118,657.02
"{SMALL DOLLY MIX DESIGN ORANGE BOWL} => {SMALL CHOCOLATES PINK BOWL}","SMALL CHOCOLATES PINK BOWL",0.01116,0.387,28.75,323,0.635528455284553,7.48780487804878,125,594.84
"{KEY FOB , BACK DOOR} => {KEY FOB , SHED}","KEY FOB , SHED",0.01144,0.681,33.44,98,0.953037634408602,8.67204301075269,67,551.58
"{KEY FOB , SHED} => {KEY FOB , BACK DOOR}","KEY FOB , BACK DOOR",0.01144,0.562,33.44,163,0.899771986970684,5.86319218241042,92,483.27
"{SMALL MARSHMALLOWS PINK BOWL} => {SMALL DOLLY MIX DESIGN ORANGE BOWL}","SMALL DOLLY MIX DESIGN ORANGE BOWL",0.0191,0.781,27.07,98,0.635161290322581,9.46299810246679,77,460.03
"{HERB MARKER MINT} => {HERB MARKER BASIL}","HERB MARKER BASIL",0.01138,0.867,65.71,32,0.862946058091286,14.1203319502075,28,338.06
"{HERB MARKER ROSEMARY} => {HERB MARKER CHIVES}","HERB MARKER CHIVES",0.01034,0.787,68.85,51,0.844162679425837,8.20574162679426,40,278.03
"{HERB MARKER MINT} => {HERB MARKER THYME}","HERB MARKER THYME",0.01127,0.858,66.46,34,0.855296610169492,7.95338983050847,29,198.44
"{HERB MARKER BASIL} => {HERB MARKER MINT}","HERB MARKER MINT",0.01138,0.863,65.71,33,0.843708333333333,7.27916666666667,28,174.9
"{HERB MARKER BASIL} => {HERB MARKER PARSLEY}","HERB MARKER PARSLEY",0.0116,0.88,67.54,29,0.853151260504202,7.82352941176471,26,170.34
"{HERB MARKER MINT} => {HERB MARKER ROSEMARY}","HERB MARKER ROSEMARY",0.0116,0.883,67.25,28,0.852,8.05416666666667,25,169.66
